EQ_4yipg2qisfn_out	otherfile_com_alibaba_excel_converters_booleanconverter_BooleanStringConverter_convertToExcelData__lp_LBoolean__Lcom_alibaba_excel_metadata_property_ExcelContentProperty__Lcom_alibaba_excel_metadata_GlobalConfiguration__rp__Lcom_alibaba_excel_metadata_data_WriteCellData_
EQ_4yipg2qisfn_out	otherfile_com_alibaba_excel_converters_booleanconverter_BooleanStringConverter_convertToExcelData__lp_LObject__Lcom_alibaba_excel_metadata_property_ExcelContentProperty__Lcom_alibaba_excel_metadata_GlobalConfiguration__rp__Lcom_alibaba_excel_metadata_data_WriteCellData_
EQ_4yipg2qisfn_out	reffile_com_alibaba_excel_converters_booleanconverter_BooleanStringConverter_convertToExcelData__lp_LBoolean__Lcom_alibaba_excel_metadata_property_ExcelContentProperty__Lcom_alibaba_excel_metadata_GlobalConfiguration__rp__Lcom_alibaba_excel_metadata_data_WriteCellData_
EQ_4yipg2qisfn_out	reffile_com_alibaba_excel_converters_booleanconverter_BooleanStringConverter_convertToExcelData__lp_LObject__Lcom_alibaba_excel_metadata_property_ExcelContentProperty__Lcom_alibaba_excel_metadata_GlobalConfiguration__rp__Lcom_alibaba_excel_metadata_data_WriteCellData_
EQ_4yipg2qisfn_out	EQ_com_alibaba_excel_converters_booleanconverter_BooleanStringConverterconvertToExcelDatalpLBooleanLcom_alibaba_excel_metadata_property_ExcelContentPropertyLcom_alibaba_excel_metadata_GlobalConfigurationrpLcom_alibaba_excel_metadata_data_WriteCellData
EQ_52uajzr2i5s_out	otherfile_com_alibaba_excel_converters_localdate_LocalDateStringConverter_convertToExcelData__lp_Ljava_time_LocalDate__Lcom_alibaba_excel_metadata_property_ExcelContentProperty__Lcom_alibaba_excel_metadata_GlobalConfiguration__rp__Lcom_alibaba_excel_metadata_data_WriteCellData_
EQ_52uajzr2i5s_out	otherfile_com_alibaba_excel_converters_localdate_LocalDateStringConverter_convertToExcelData__lp_LObject__Lcom_alibaba_excel_metadata_property_ExcelContentProperty__Lcom_alibaba_excel_metadata_GlobalConfiguration__rp__Lcom_alibaba_excel_metadata_data_WriteCellData_
EQ_52uajzr2i5s_out	reffile_com_alibaba_excel_converters_localdate_LocalDateStringConverter_convertToExcelData__lp_Ljava_time_LocalDate__Lcom_alibaba_excel_metadata_property_ExcelContentProperty__Lcom_alibaba_excel_metadata_GlobalConfiguration__rp__Lcom_alibaba_excel_metadata_data_WriteCellData_
EQ_52uajzr2i5s_out	reffile_com_alibaba_excel_converters_localdate_LocalDateStringConverter_convertToExcelData__lp_LObject__Lcom_alibaba_excel_metadata_property_ExcelContentProperty__Lcom_alibaba_excel_metadata_GlobalConfiguration__rp__Lcom_alibaba_excel_metadata_data_WriteCellData_
EQ_xcnu42auqk5_out	otherfile_com_alibaba_excel_converters_localdate_LocalDateStringConverter_convertToExcelData__lp_Ljava_time_LocalDate__Lcom_alibaba_excel_metadata_property_ExcelContentProperty__Lcom_alibaba_excel_metadata_GlobalConfiguration__rp__Lcom_alibaba_excel_metadata_data_WriteCellData_
EQ_xcnu42auqk5_out	otherfile_com_alibaba_excel_converters_localdate_LocalDateStringConverter_convertToExcelData__lp_LObject__Lcom_alibaba_excel_metadata_property_ExcelContentProperty__Lcom_alibaba_excel_metadata_GlobalConfiguration__rp__Lcom_alibaba_excel_metadata_data_WriteCellData_
EQ_xcnu42auqk5_out	reffile_com_alibaba_excel_converters_localdate_LocalDateStringConverter_convertToExcelData__lp_Ljava_time_LocalDate__Lcom_alibaba_excel_metadata_property_ExcelContentProperty__Lcom_alibaba_excel_metadata_GlobalConfiguration__rp__Lcom_alibaba_excel_metadata_data_WriteCellData_
EQ_xcnu42auqk5_out	reffile_com_alibaba_excel_converters_localdate_LocalDateStringConverter_convertToExcelData__lp_LObject__Lcom_alibaba_excel_metadata_property_ExcelContentProperty__Lcom_alibaba_excel_metadata_GlobalConfiguration__rp__Lcom_alibaba_excel_metadata_data_WriteCellData_
