EQ_ofggc1dth0s_out	EQ_benchmarks_ej_hash_ej_hash_Eq_SameVtestCollision2lpJIJIrpV
EQ_putl12axces_out	EQ_network_HttpGetSnippethttpGetlpLStringrpLjava_net_http_HttpResponse
EQ_52uajzr2i5s_out	EQ_com_alibaba_excel_converters_localdate_LocalDateStringConverterconvertToExcelDatalpLjava_time_LocalDateLcom_alibaba_excel_metadata_property_ExcelContentPropertyLcom_alibaba_excel_metadata_GlobalConfigurationrpLcom_alibaba_excel_metadata_data_WriteCellData
EQ_bsowhr2fu12_out	otherfile_it_unisa_complexcalculator_Model_ComplexNumber_toString__lp__rp__LString_
EQ_bsowhr2fu12_out	reffile_it_unisa_complexcalculator_Model_ComplexNumber_toString__lp__rp__LString_
EQ_bsowhr2fu12_out	EQ_it_unisa_complexcalculator_Model_ComplexNumbertoStringlprpLString
EQ_htqg3z5agdx_out	EQ_it_unisa_complexcalculator_Model_Memory_NumberMemorygetStacklprpLjavafx_collections_ObservableList
EQ_qacza51n1bc_out	otherfile_bettingprocessor_domain_objects_Player_1__la_clinit_ra___lp__rp__V
EQ_qacza51n1bc_out	reffile_bettingprocessor_domain_objects_Player_1__la_clinit_ra___lp__rp__V
EQ_qacza51n1bc_out	EQ_bettingprocessor_domain_objects_PlayerdepositlpIrpV
EQ_tjkakpi04ae_out	otherfile_it_unisa_complexcalculator_Model_ComplexNumber_toString__lp__rp__LString_
EQ_tjkakpi04ae_out	otherfile_it_unisa_complexcalculator_Model_ComplexNumber_parse__lp_LString__rp__Lit_unisa_complexcalculator_Model_ComplexNumber_
EQ_tjkakpi04ae_out	reffile_it_unisa_complexcalculator_Model_ComplexNumber_toString__lp__rp__LString_
EQ_tjkakpi04ae_out	reffile_it_unisa_complexcalculator_Model_ComplexNumber_parse__lp_LString__rp__Lit_unisa_complexcalculator_Model_ComplexNumber_
EQ_tjkakpi04ae_out	EQ_it_unisa_complexcalculator_Model_ComplexNumberequalslpLObjectrpZ
EQ_xcnu42auqk5_out	EQ_com_alibaba_excel_converters_localdate_LocalDateStringConverterconvertToExcelDatalpLjava_time_LocalDateLcom_alibaba_excel_metadata_property_ExcelContentPropertyLcom_alibaba_excel_metadata_GlobalConfigurationrpLcom_alibaba_excel_metadata_data_WriteCellData
EQ_yo1ortq3kh2_out	EQ_kr_huni_code_generator_JavaCodeGeneratorlaclinitralprpV
EQ_dbwnbib1y0q_out	otherfile_it_unisa_complexcalculator_Model_Memory_VariableMemory_updateVariable__lp_LCharacter__Lit_unisa_complexcalculator_Model_ComplexNumber__rp__V
EQ_dbwnbib1y0q_out	otherfile_it_unisa_complexcalculator_Model_Memory_VariableMemory_loadVariableState__lp__rp__V
EQ_dbwnbib1y0q_out	otherfile_it_unisa_complexcalculator_Model_Memory_VariableMemory_updateVariable__lp_LCharacter__Lit_unisa_complexcalculator_Model_ComplexNumber__rp__V_loop1
EQ_dbwnbib1y0q_out	reffile_it_unisa_complexcalculator_Model_Memory_VariableMemory_updateVariable__lp_LCharacter__Lit_unisa_complexcalculator_Model_ComplexNumber__rp__V
EQ_dbwnbib1y0q_out	reffile_it_unisa_complexcalculator_Model_Memory_VariableMemory_loadVariableState__lp__rp__V
EQ_dbwnbib1y0q_out	reffile_it_unisa_complexcalculator_Model_Memory_VariableMemory_updateVariable__lp_LCharacter__Lit_unisa_complexcalculator_Model_ComplexNumber__rp__V_loop1
EQ_dbwnbib1y0q_out	EQ_it_unisa_complexcalculator_Model_Memory_VariableMemoryupdateVariablelpLCharacterLit_unisa_complexcalculator_Model_ComplexNumberrpVloop1
EQ_bnxhlpcselv_out	otherfile_bettingprocessor_main_BettingProcessor_processBettingData__lp__rp__V
EQ_bnxhlpcselv_out	otherfile_bettingprocessor_main_BettingProcessor_analyzeInputAndSaveDataToCasino__lp__rp__V
EQ_bnxhlpcselv_out	otherfile_bettingprocessor_main_BettingProcessor_addMatchesToCasino__lp_LList__rp__V
EQ_bnxhlpcselv_out	otherfile_bettingprocessor_main_BettingProcessor_analyzePlayerAction__lp_Lbettingprocessor_dto_PlayerAction__rp__V
EQ_bnxhlpcselv_out	otherfile_bettingprocessor_main_BettingProcessor_getMatchByIdFromCasinoOrIsNotAMatch__lp_LUUID__rp__Lbettingprocessor_domain_objects_Match_
EQ_bnxhlpcselv_out	otherfile_bettingprocessor_main_BettingProcessor_addMatchesToCasino__lp_LList__rp__V_loop1
EQ_bnxhlpcselv_out	otherfile_bettingprocessor_domain_objects_Casino_getMatchById__lp_LUUID__rp__Lbettingprocessor_domain_objects_Match_
EQ_bnxhlpcselv_out	otherfile_bettingprocessor_domain_objects_Casino_getPlayerById__lp_LUUID__rp__Lbettingprocessor_domain_objects_Player_
EQ_bnxhlpcselv_out	reffile_bettingprocessor_main_BettingProcessor_processBettingData__lp__rp__V
EQ_bnxhlpcselv_out	reffile_bettingprocessor_main_BettingProcessor_analyzeInputAndSaveDataToCasino__lp__rp__V
EQ_bnxhlpcselv_out	reffile_bettingprocessor_main_BettingProcessor_addMatchesToCasino__lp_LList__rp__V
EQ_bnxhlpcselv_out	reffile_bettingprocessor_main_BettingProcessor_analyzePlayerAction__lp_Lbettingprocessor_dto_PlayerAction__rp__V
EQ_bnxhlpcselv_out	reffile_bettingprocessor_main_BettingProcessor_getMatchByIdFromCasinoOrIsNotAMatch__lp_LUUID__rp__Lbettingprocessor_domain_objects_Match_
EQ_bnxhlpcselv_out	reffile_bettingprocessor_main_BettingProcessor_addMatchesToCasino__lp_LList__rp__V_loop1
EQ_bnxhlpcselv_out	reffile_bettingprocessor_domain_objects_Casino_getMatchById__lp_LUUID__rp__Lbettingprocessor_domain_objects_Match_
EQ_bnxhlpcselv_out	reffile_bettingprocessor_domain_objects_Casino_getPlayerById__lp_LUUID__rp__Lbettingprocessor_domain_objects_Player_
EQ_bnxhlpcselv_out	EQ_bettingprocessor_main_BettingProcessoranalyzeInputAndSaveDataToCasinolprpV
EQ_elbns5m3uk4_out	EQ_org_freenesis_airplay_jap2lib_AirPlaydecryptAudiolplqBIrpV
EQ_jqp2kinnr5j_out	otherfile_bettingprocessor_main_BettingProcessor_processBettingData__lp__rp__V
EQ_jqp2kinnr5j_out	otherfile_bettingprocessor_main_BettingProcessor_analyzeInputAndSaveDataToCasino__lp__rp__V
EQ_jqp2kinnr5j_out	otherfile_bettingprocessor_main_BettingProcessor_analyzePlayerAction__lp_Lbettingprocessor_dto_PlayerAction__rp__V
EQ_jqp2kinnr5j_out	otherfile_bettingprocessor_main_BettingProcessor_getMatchByIdFromCasinoOrIsNotAMatch__lp_LUUID__rp__Lbettingprocessor_domain_objects_Match_
EQ_jqp2kinnr5j_out	otherfile_bettingprocessor_domain_objects_Casino_getMatchById__lp_LUUID__rp__Lbettingprocessor_domain_objects_Match_
EQ_jqp2kinnr5j_out	otherfile_bettingprocessor_domain_objects_Casino_getPlayerById__lp_LUUID__rp__Lbettingprocessor_domain_objects_Player_
EQ_jqp2kinnr5j_out	reffile_bettingprocessor_main_BettingProcessor_processBettingData__lp__rp__V
EQ_jqp2kinnr5j_out	reffile_bettingprocessor_main_BettingProcessor_analyzeInputAndSaveDataToCasino__lp__rp__V
EQ_jqp2kinnr5j_out	reffile_bettingprocessor_main_BettingProcessor_addMatchesToCasino__lp_LList__rp__V
EQ_jqp2kinnr5j_out	reffile_bettingprocessor_main_BettingProcessor_analyzePlayerAction__lp_Lbettingprocessor_dto_PlayerAction__rp__V
EQ_jqp2kinnr5j_out	reffile_bettingprocessor_main_BettingProcessor_getMatchByIdFromCasinoOrIsNotAMatch__lp_LUUID__rp__Lbettingprocessor_domain_objects_Match_
EQ_jqp2kinnr5j_out	reffile_bettingprocessor_domain_objects_Casino_getMatchById__lp_LUUID__rp__Lbettingprocessor_domain_objects_Match_
EQ_jqp2kinnr5j_out	reffile_bettingprocessor_domain_objects_Casino_getPlayerById__lp_LUUID__rp__Lbettingprocessor_domain_objects_Player_
EQ_jqp2kinnr5j_out	EQ_bettingprocessor_domain_objects_CasinolambdagetLegitimatePlayers3lpLbettingprocessor_domain_objects_PlayerrpZ
EQ_sz1wo0jj0sg_out	otherfile_org_apache_dubbo_common_Version_isRelease270OrHigher__lp_LString__rp__Z
EQ_sz1wo0jj0sg_out	otherfile_org_apache_dubbo_common_Version_isRelease263OrHigher__lp_LString__rp__Z
EQ_sz1wo0jj0sg_out	otherfile_org_apache_dubbo_common_Version_isSupportResponseAttachment__lp_LString__rp__Z
EQ_sz1wo0jj0sg_out	otherfile_org_apache_dubbo_common_Version_getIntVersion__lp_LString__rp__I
EQ_sz1wo0jj0sg_out	otherfile_org_apache_dubbo_common_Version_parseInt__lp_LString__rp__I
EQ_sz1wo0jj0sg_out	otherfile_org_apache_dubbo_common_Version_getPrefixDigits__lp_LString__rp__LString_
EQ_sz1wo0jj0sg_out	otherfile_org_apache_dubbo_common_Version_getVersion__lp_LClass__LString__rp__LString_
EQ_sz1wo0jj0sg_out	otherfile_org_apache_dubbo_common_Version__la_clinit_ra___lp__rp__V
EQ_sz1wo0jj0sg_out	reffile_org_apache_dubbo_common_Version_isRelease270OrHigher__lp_LString__rp__Z
EQ_sz1wo0jj0sg_out	reffile_org_apache_dubbo_common_Version_isRelease263OrHigher__lp_LString__rp__Z
EQ_sz1wo0jj0sg_out	reffile_org_apache_dubbo_common_Version_isSupportResponseAttachment__lp_LString__rp__Z
EQ_sz1wo0jj0sg_out	reffile_org_apache_dubbo_common_Version_getIntVersion__lp_LString__rp__I
EQ_sz1wo0jj0sg_out	reffile_org_apache_dubbo_common_Version_parseInt__lp_LString__rp__I
EQ_sz1wo0jj0sg_out	reffile_org_apache_dubbo_common_Version_getPrefixDigits__lp_LString__rp__LString_
EQ_sz1wo0jj0sg_out	reffile_org_apache_dubbo_common_Version_getVersion__lp_LClass__LString__rp__LString_
EQ_sz1wo0jj0sg_out	reffile_org_apache_dubbo_common_Version__la_clinit_ra___lp__rp__V
EQ_sz1wo0jj0sg_out	EQ_org_apache_dubbo_common_VersionisSupportResponseAttachmentlpLStringrpZ
